epoch,time,train/box_loss,train/cls_loss,train/dfl_loss,metrics/precision(B),metrics/recall(B),metrics/mAP50(B),metrics/mAP50-95(B),val/box_loss,val/cls_loss,val/dfl_loss,lr/pg0,lr/pg1,lr/pg2
1,3.52194,1.60744,3.63875,1.80381,0.09091,0.71429,0.0858,0.03838,1.68486,3.43289,1.927,0.000222222,0.000222222,0.000222222
2,7.30464,1.78173,3.66449,1.89195,0.09091,0.71429,0.0858,0.03838,1.68486,3.43289,1.927,0.000544556,0.000544556,0.000544556
3,10.6598,1.70785,3.65892,1.94276,0.09091,0.71429,0.0858,0.03838,1.68486,3.43289,1.927,0.000853689,0.000853689,0.000853689
4,14.0521,1.48145,3.54606,1.71074,0.09091,0.71429,0.0858,0.03838,1.68486,3.43289,1.927,0.0009406,0.0009406,0.0009406
5,17.384,1.5006,3.64077,1.76464,0.09091,0.71429,0.0858,0.03838,1.68486,3.43289,1.927,0.0009208,0.0009208,0.0009208
6,20.7477,1.39984,3.64237,1.58338,0.09091,0.71429,0.0858,0.03838,1.68486,3.43289,1.927,0.000901,0.000901,0.000901
7,24.205,1.60956,3.57948,1.74004,0.09091,0.71429,0.0858,0.03838,1.68486,3.43289,1.927,0.0008812,0.0008812,0.0008812
8,27.5852,1.51547,3.49881,1.85367,0.09091,0.71429,0.0858,0.03838,1.68486,3.43289,1.927,0.0008614,0.0008614,0.0008614
9,31.0729,1.40504,3.52623,1.66042,0.09091,0.71429,0.0858,0.03838,1.68486,3.43289,1.927,0.0008416,0.0008416,0.0008416
10,35.0104,1.79057,3.80274,1.84259,0.1,0.85714,0.29829,0.09232,1.45773,3.4017,1.80588,0.0008218,0.0008218,0.0008218
11,39.7251,1.55799,3.38333,1.60476,0.1,0.85714,0.29829,0.09232,1.45773,3.4017,1.80588,0.000802,0.000802,0.000802
12,44.9035,1.52747,3.28248,1.638,0.1,0.85714,0.29829,0.09232,1.45773,3.4017,1.80588,0.0007822,0.0007822,0.0007822
13,50.4887,1.30853,3.22125,1.49461,0.1,0.85714,0.29829,0.09232,1.45773,3.4017,1.80588,0.0007624,0.0007624,0.0007624
14,55.5886,1.29919,3.282,1.54369,0.1,0.85714,0.29829,0.09232,1.45773,3.4017,1.80588,0.0007426,0.0007426,0.0007426
15,61.7199,1.21884,3.28131,1.40267,0.1,0.85714,0.29829,0.09232,1.45773,3.4017,1.80588,0.0007228,0.0007228,0.0007228
16,67.7251,1.19007,3.28496,1.42544,0.1,0.85714,0.29829,0.09232,1.45773,3.4017,1.80588,0.000703,0.000703,0.000703
17,72.9772,1.41338,3.42078,1.48813,0.1,0.85714,0.29829,0.09232,1.45773,3.4017,1.80588,0.0006832,0.0006832,0.0006832
18,78.1239,1.54084,3.22661,1.67979,0.1,0.85714,0.29829,0.09232,1.45773,3.4017,1.80588,0.0006634,0.0006634,0.0006634
19,83.3899,1.57171,3.2741,1.74426,0.1,0.85714,0.29829,0.09232,1.45773,3.4017,1.80588,0.0006436,0.0006436,0.0006436
20,88.546,1.41856,3.32538,1.60941,0.19444,1,0.75848,0.5186,0.90064,2.99675,1.15662,0.0006238,0.0006238,0.0006238
21,93.6341,0.97127,2.82807,1.30309,0.19444,1,0.75848,0.5186,0.90064,2.99675,1.15662,0.000604,0.000604,0.000604
22,97.2878,1.24607,2.97279,1.5227,0.19444,1,0.75848,0.5186,0.90064,2.99675,1.15662,0.0005842,0.0005842,0.0005842
23,100.874,1.06566,2.88418,1.31715,0.19444,1,0.75848,0.5186,0.90064,2.99675,1.15662,0.0005644,0.0005644,0.0005644
24,104.353,1.09046,2.94132,1.32305,0.19444,1,0.75848,0.5186,0.90064,2.99675,1.15662,0.0005446,0.0005446,0.0005446
25,107.718,1.40395,3.20143,1.61306,0.19444,1,0.75848,0.5186,0.90064,2.99675,1.15662,0.0005248,0.0005248,0.0005248
26,111.181,1.12852,3.10741,1.3825,0.19444,1,0.75848,0.5186,0.90064,2.99675,1.15662,0.000505,0.000505,0.000505
27,114.623,1.22165,2.82929,1.4126,0.19444,1,0.75848,0.5186,0.90064,2.99675,1.15662,0.0004852,0.0004852,0.0004852
28,118.091,1.30589,3.04446,1.47613,0.19444,1,0.75848,0.5186,0.90064,2.99675,1.15662,0.0004654,0.0004654,0.0004654
29,121.627,1.15288,2.96871,1.46942,0.19444,1,0.75848,0.5186,0.90064,2.99675,1.15662,0.0004456,0.0004456,0.0004456
30,125.364,1.12737,2.77127,1.35927,0.23333,1,0.75167,0.46649,0.93327,2.55158,1.1518,0.0004258,0.0004258,0.0004258
31,128.853,1.13977,2.53263,1.40554,0.23333,1,0.75167,0.46649,0.93327,2.55158,1.1518,0.000406,0.000406,0.000406
32,132.259,1.09936,2.71296,1.34545,0.23333,1,0.75167,0.46649,0.93327,2.55158,1.1518,0.0003862,0.0003862,0.0003862
33,135.616,1.27903,2.44936,1.54254,0.23333,1,0.75167,0.46649,0.93327,2.55158,1.1518,0.0003664,0.0003664,0.0003664
34,139.052,1.33732,2.72592,1.56003,0.23333,1,0.75167,0.46649,0.93327,2.55158,1.1518,0.0003466,0.0003466,0.0003466
35,142.437,1.16001,2.77067,1.40516,0.23333,1,0.75167,0.46649,0.93327,2.55158,1.1518,0.0003268,0.0003268,0.0003268
36,145.776,1.13668,2.55814,1.46114,0.23333,1,0.75167,0.46649,0.93327,2.55158,1.1518,0.000307,0.000307,0.000307
37,149.176,1.14424,2.70832,1.34824,0.23333,1,0.75167,0.46649,0.93327,2.55158,1.1518,0.0002872,0.0002872,0.0002872
38,152.721,1.2338,2.74721,1.40536,0.23333,1,0.75167,0.46649,0.93327,2.55158,1.1518,0.0002674,0.0002674,0.0002674
39,156.501,1.13724,3.56683,1.36951,0.75311,0.57143,0.81227,0.50705,0.96554,1.96261,1.23876,0.0002476,0.0002476,0.0002476
40,160.035,1.18628,2.65806,1.35386,0.75311,0.57143,0.81227,0.50705,0.96554,1.96261,1.23876,0.0002278,0.0002278,0.0002278
41,163.512,1.22157,2.41147,1.47271,0.75311,0.57143,0.81227,0.50705,0.96554,1.96261,1.23876,0.000208,0.000208,0.000208
42,166.881,1.03779,2.62892,1.31866,0.75311,0.57143,0.81227,0.50705,0.96554,1.96261,1.23876,0.0001882,0.0001882,0.0001882
43,170.285,0.91518,2.7154,1.27004,0.75311,0.57143,0.81227,0.50705,0.96554,1.96261,1.23876,0.0001684,0.0001684,0.0001684
44,173.676,1.17589,2.47585,1.54566,0.75311,0.57143,0.81227,0.50705,0.96554,1.96261,1.23876,0.0001486,0.0001486,0.0001486
45,177.03,0.98029,2.44278,1.27068,0.75311,0.57143,0.81227,0.50705,0.96554,1.96261,1.23876,0.0001288,0.0001288,0.0001288
46,180.423,1.36985,2.68222,1.5135,0.75311,0.57143,0.81227,0.50705,0.96554,1.96261,1.23876,0.000109,0.000109,0.000109
47,183.751,0.8758,2.36752,1.11266,0.75311,0.57143,0.81227,0.50705,0.96554,1.96261,1.23876,8.92e-05,8.92e-05,8.92e-05
48,187.064,1.31358,2.58192,1.49265,0.75311,0.57143,0.81227,0.50705,0.96554,1.96261,1.23876,6.94e-05,6.94e-05,6.94e-05
49,190.444,0.94089,2.53817,1.2254,0.62486,0.95479,0.84227,0.54335,1.03704,1.53942,1.2076,4.96e-05,4.96e-05,4.96e-05
50,193.919,0.95566,2.49221,1.27846,0.62486,0.95479,0.84227,0.54335,1.03704,1.53942,1.2076,2.98e-05,2.98e-05,2.98e-05
